group,category,count,avg_success_rate,avg_reduction_rate
domain,db,3,0.177686,0.10279033333333333
domain,game,6,0.2348243333333333,0.171357
domain,network,3,0.28465966666666664,0.09637966666666668
domain,ui,6,0.249329,0.10280983333333334
domain,util,75,0.2882778,0.15046317333333337
domain,web,1,0.275862,0.155556
size,large,31,0.22641061290322578,0.13261632258064518
size,medium,31,0.29962045161290324,0.15682325806451616
size,small,32,0.30880284375000006,0.1471930625
